<?xml version="1.0" encoding="UTF-8" ?>
<project>
    
    <import file="build.xml" optional="true" />
    <xmlproperty file="build.xml" collapseAttributes="true" prefix="master"/>

    <target name="android-test">
        <mkdir dir="report" />
        <mkdir dir="report/raw" />
        <mkdir dir="report/suites" />
        <mkdir dir="report/html" />

        <antcall target="-test" />
        <antcall target="-format-junit" />
        <antcall target="junit-report" />
    </target>

    <target name="-test">
        <!--
        <ant antfile="build.xml" target="installd" />
        -->
        <xpath input="AndroidManifest.xml"
                        expression="/manifest/@package" output="project.app.package" />
        <xpath input="AndroidManifest.xml"
                        expression="/manifest/instrumentation/@android:targetPackage" output="target.app.package" />

        <exec executable="${adb}" failonerror="true">
            <arg line="${adb.device.arg}" />
            <arg value="shell" />
            <arg value="am" />
            <arg value="instrument" />
            <arg value="-w" />
            <arg value="${project.app.package}/com.zutubi.android.junitreport.JUnitReportTestRunner" />
        </exec>
        <exec executable="${adb}" failonerror="true">
            <arg line="${adb.device.arg}" />
            <arg value="pull" />
            <arg value="/data/data/${target.app.package}/files/junit-report.xml" />
            <arg value="report/raw/TEST-suites.xml" />
        </exec>
    </target>

    <target name="-format-junit">
        <xslt in="report/raw/TEST-suites.xml" out="report/suites/TEST-suites.xml" extension=".xml" style="misc/android-junit.xsl"/>
    </target>

    <target name="junit-report">
        <junitreport todir="./report/html">
            <fileset dir="./report/suites">
                <include name="TEST-*.xml"/>
		    </fileset>
		    <report format="frames" todir="./report/html"/>
		</junitreport>
    </target>

</project>
