<?xml version="1.0" encoding="UTF-8" ?>
<project default="report">
    <property name="test.report.dir" value="./test-reports" />
    <property name="test.report.html.dir" value="./test-reports/html" />
    
    <target name="report">
        <mkdir dir="${test.report.html.dir}" />
        
        <!-- テスト結果からホスト名を削除する. -->
        <replaceregexp match='[\s]?hostname="[^"]*"' replace="" flags="g" byline="true">
            <fileset dir="${test.report.dir}" includes="**/*.xml"/>
        </replaceregexp>
        
        <!-- テスト結果をHTMLに変換する. -->
        <junitreport todir="${test.report.html.dir}">
            <fileset dir="${test.report.dir}">
                <include name="TEST-*.xml"/>
                <exclude name="TEST-DConnectTestCase.xml"/>
                <exclude name="TEST-RESTfulTestCase.xml"/>
            </fileset>
            <report format="frames" todir="${test.report.html.dir}"/>
       </junitreport>
    </target>
</project>
